ticker,name,price_curr,change_1d,return_1w,return_1m,alpha_1w,alpha_1m,rvol,vol_status,trend_1w,trend_1m,up_days_5d,score_p,score_v,score_t,total_score,grade_score,description
'488080',TIGER 반도체TOP10레버리지,37945,9.84,47.62,158.13,41.96,119.42,288.2,폭발,지속상승,상승>하락,5,5,3,2,10,S10,천하무적: 시장의 주도주
'494310',KODEX 반도체레버리지,59700,8.99,47.23,138.61,41.57,99.9,264.7,폭발,지속상승,상승>하락,5,5,3,2,10,S10,천하무적: 시장의 주도주
'253150',PLUS 200선물레버리지,140470,0.7,11.92,78.57,6.27,39.86,378.5,폭발,지속상승,지속상승,4,5,3,2,10,S10,천하무적: 시장의 주도주
'267770',TIGER 200선물레버리지,58180,0.56,11.85,78.08,6.2,39.37,642.5,폭발,지속상승,지속상승,4,5,3,2,10,S10,천하무적: 시장의 주도주
'123320',TIGER 레버리지,75625,0.65,11.81,78.07,6.15,39.35,233.9,폭발,지속상승,지속상승,4,5,3,2,10,S10,천하무적: 시장의 주도주
'291630',KIWOOM 코스닥150선물레버리지,9960,-4.6,52.06,77.54,46.41,38.83,333.5,폭발,지속상승,상승>하락,4,5,3,2,10,S10,천하무적: 시장의 주도주
'253250',KIWOOM 200선물레버리지,68840,0.56,11.57,77.49,5.92,38.78,255.2,폭발,지속상승,지속상승,4,5,3,2,10,S10,천하무적: 시장의 주도주
'152500',ACE 레버리지,30910,0.36,11.53,76.48,5.87,37.77,221.5,폭발,지속상승,지속상승,4,5,3,2,10,S10,천하무적: 시장의 주도주
'306530',HANARO 코스닥150선물레버리지,19900,-4.49,51.56,76.11,45.91,37.39,539.4,폭발,지속상승,상승>하락,4,5,3,2,10,S10,천하무적: 시장의 주도주
'278240',RISE 코스닥150선물레버리지,22325,-4.21,51.1,75.37,45.45,36.66,409.7,폭발,지속상승,상승>하락,4,5,3,2,10,S10,천하무적: 시장의 주도주
'233740',KODEX 코스닥150레버리지,19720,-4.64,50.36,74.75,44.71,36.03,327.7,폭발,지속상승,상승>하락,4,5,3,2,10,S10,천하무적: 시장의 주도주
'233160',TIGER 코스닥150 레버리지,21925,-4.45,50.12,73.53,44.47,34.81,604.8,폭발,지속상승,상승>하락,4,5,3,2,10,S10,천하무적: 시장의 주도주
'144600',KODEX 은선물(H),18500,-9.11,10.28,63.64,4.63,24.93,228.3,폭발,지속상승,상승>하락,4,5,3,2,10,S10,천하무적: 시장의 주도주
'396500',TIGER 반도체TOP10,29760,4.81,21.72,63.34,16.06,24.62,304.3,폭발,지속상승,상승>하락,5,5,3,2,10,S10,천하무적: 시장의 주도주
'494220',UNICORN SK하이닉스밸류체인액티브,30400,5.01,24.28,59.5,18.63,20.78,214.7,폭발,지속상승,상승>하락,5,5,3,2,10,S10,천하무적: 시장의 주도주
'471760',TIGER AI반도체핵심공정,17110,5.72,26.27,57.41,20.62,18.69,385.4,폭발,지속상승,상승>하락,5,5,3,2,10,S10,천하무적: 시장의 주도주
'091230',TIGER 반도체,92780,5.01,22.36,57.09,16.71,18.38,203.4,폭발,지속상승,상승>하락,5,5,3,2,10,S10,천하무적: 시장의 주도주
'091160',KODEX 반도체,88200,3.95,22.16,56.93,16.51,18.21,242.5,폭발,지속상승,상승>하락,5,5,3,2,10,S10,천하무적: 시장의 주도주
'475300',SOL 반도체전공정,17160,5.24,34.91,56.14,29.25,17.43,466.6,폭발,지속상승,상승>하락,5,5,3,2,10,S10,천하무적: 시장의 주도주
'442580',PLUS 글로벌HBM반도체,59440,1.13,9.98,55.89,4.33,17.18,214.4,폭발,지속상승,상승>하락,4,5,3,2,10,S10,천하무적: 시장의 주도주
'476260',HANARO 반도체핵심공정주도주,12265,2.89,33.32,54.47,27.66,15.76,371.5,폭발,지속상승,상승>하락,5,5,3,2,10,S10,천하무적: 시장의 주도주
'395270',HANARO Fn K-반도체,29190,3.51,17.87,51.01,12.21,12.3,206.8,폭발,지속상승,상승>하락,5,5,3,2,10,S10,천하무적: 시장의 주도주
'395160',KODEX AI반도체,25105,3.76,19.55,50.87,13.89,12.16,222.3,폭발,지속상승,상승>하락,5,5,3,2,10,S10,천하무적: 시장의 주도주
'157500',TIGER 증권,14905,1.05,15.23,49.8,9.58,11.09,425.6,폭발,지속상승,상승>하락,4,5,3,2,10,S10,천하무적: 시장의 주도주
'102970',KODEX 증권,21820,1.56,16.28,49.5,10.63,10.79,366.0,폭발,지속상승,상승>하락,4,5,3,2,10,S10,천하무적: 시장의 주도주
'0111J0',HANARO 증권고배당TOP3플러스,14305,1.78,15.97,49.09,10.32,10.38,390.3,폭발,지속상승,상승>하락,4,5,3,2,10,S10,천하무적: 시장의 주도주
'261060',TIGER 코스닥150IT,23950,4.13,32.28,49.04,26.63,10.32,717.4,폭발,지속상승,상승>하락,5,5,3,2,10,S10,천하무적: 시장의 주도주
'243880',TIGER 200IT레버리지,166070,5.63,22.3,105.08,16.65,66.36,159.9,유입,지속상승,상승>하락,4,5,2,2,9,S9,천하무적: 시장의 주도주
'421320',PLUS 우주항공&UAM,42900,0.47,10.84,87.79,5.18,49.08,185.2,유입,지속상승,상승>하락,4,5,2,2,9,S9,천하무적: 시장의 주도주
'252400',RISE 200선물레버리지,69860,0.56,11.68,77.72,6.02,39.0,192.8,유입,지속상승,지속상승,4,5,2,2,9,S9,천하무적: 시장의 주도주
'469150',ACE AI반도체포커스,38945,3.63,18.9,58.54,13.24,19.83,198.7,유입,지속상승,상승>하락,5,5,2,2,9,S9,천하무적: 시장의 주도주
'0093A0',RISE AI반도체TOP10,24775,5.67,31.75,55.96,26.09,17.25,129.2,유입,지속상승,상승>하락,5,5,2,2,9,S9,천하무적: 시장의 주도주
'463250',TIGER K방산&우주,41950,-0.23,5.32,51.58,-0.33,12.87,230.2,폭발,상승>하락,상승>하락,3,5,3,1,9,B9,황금 눌림목: 최적 매수 타점
'475310',SOL 반도체후공정,25165,7.22,26.62,46.31,20.96,7.6,681.1,폭발,지속상승,상승>하락,5,4,3,2,9,S9,천하무적: 시장의 주도주
'363580',KODEX 200IT TR,29835,2.58,10.77,44.87,5.11,6.15,243.3,폭발,지속상승,상승>하락,4,4,3,2,9,S9,천하무적: 시장의 주도주
'455850',SOL AI반도체소부장,23695,4.98,26.71,44.22,21.06,5.51,507.3,폭발,지속상승,상승>하락,5,4,3,2,9,S9,천하무적: 시장의 주도주
'0100K0',KODEX K방산TOP10레버리지,14005,-1.58,5.54,92.11,-0.12,53.4,175.8,유입,상승>하락,상승>하락,3,5,2,1,8,B8,황금 눌림목: 최적 매수 타점
'0104G0',PLUS K방산레버리지,13905,-2.56,4.31,90.22,-1.34,51.51,154.9,유입,상승>하락,상승>하락,3,5,2,1,8,B8,황금 눌림목: 최적 매수 타점
'306950',KODEX KRX300레버리지,58915,2.39,16.29,80.55,10.64,41.84,101.8,유지,지속상승,지속상승,5,5,1,2,8,S8,천하무적: 시장의 주도주
'122630',KODEX 레버리지,76385,0.63,11.66,78.93,6.0,40.22,113.0,유지,지속상승,지속상승,4,5,1,2,8,S8,천하무적: 시장의 주도주
'292150',TIGER 코리아TOP10,28225,1.29,8.14,47.08,2.49,8.37,172.0,유입,지속상승,상승>하락,4,4,2,2,8,S8,천하무적: 시장의 주도주
'474590',WON 반도체밸류체인액티브,26250,4.29,18.64,45.87,12.99,7.16,162.5,유입,지속상승,상승>하락,5,4,2,2,8,S8,천하무적: 시장의 주도주
'445290',KODEX 로봇액티브,36300,-1.57,8.65,45.78,3.0,7.07,215.0,폭발,상승>하락,상승>하락,3,4,3,1,8,S8,천하무적: 시장의 주도주
'315960',RISE 대형고배당10TR,52580,0.81,6.99,45.73,1.34,7.02,193.6,유입,지속상승,지속상승,4,4,2,2,8,S8,천하무적: 시장의 주도주
'139260',TIGER 200 IT,75370,2.83,11.18,44.78,5.53,6.06,129.1,유입,지속상승,지속상승,4,4,2,2,8,S8,천하무적: 시장의 주도주
'304780',HANARO 200선물레버리지,85185,0.71,11.86,80.1,6.21,41.38,21.9,유지,지속상승,지속상승,4,5,0,2,7,S7,천하무적: 시장의 주도주
'488210',KIWOOM K-반도체북미공급망,18485,4.79,25.58,51.52,19.92,12.8,37.9,유지,지속상승,상승>하락,5,5,0,2,7,S7,천하무적: 시장의 주도주
'469070',RISE AI&로봇,18435,-2.9,6.71,45.79,1.06,7.08,177.4,유입,상승>하락,상승>하락,3,4,2,1,7,S7,천하무적: 시장의 주도주
'487750',BNK 온디바이스AI,19575,3.71,16.48,45.76,10.83,7.04,84.4,유지,지속상승,상승>하락,5,4,1,2,7,S7,천하무적: 시장의 주도주
'490480',SOL K방산,35000,-0.55,2.77,45.23,-2.88,6.52,151.8,유입,상승>하락,상승>하락,3,4,2,1,7,B7,황금 눌림목: 최적 매수 타점
'0080G0',KODEX K방산TOP10,13155,-0.75,3.14,41.91,-2.52,3.2,200.5,폭발,상승>하락,상승>하락,3,3,3,1,7,B7,황금 눌림목: 최적 매수 타점
'495060',TIME 코리아밸류업액티브,21240,0.88,8.78,40.34,3.13,1.62,225.3,폭발,지속상승,지속상승,4,2,3,2,7,S7,천하무적: 시장의 주도주
'486240',DAISHIN343 AI반도체&인프라액티브,19965,2.46,18.35,43.84,12.69,5.13,64.5,유지,지속상승,상승>하락,5,4,0,2,6,S6,천하무적: 시장의 주도주
'266370',KODEX IT,40255,3.07,12.96,41.67,7.31,2.96,139.6,유입,지속상승,상승>하락,5,2,2,2,6,S6,천하무적: 시장의 주도주
'487130',KoAct AI인프라액티브,20935,2.77,14.43,41.4,8.78,2.69,144.2,유입,지속상승,상승>하락,5,2,2,2,6,S6,천하무적: 시장의 주도주
'449690',TIGER 한중반도체(합성),35540,3.37,9.91,40.45,4.26,1.73,204.4,폭발,상승>하락,상승>하락,3,2,3,1,6,S6,천하무적: 시장의 주도주
'495550',SOL 코리아밸류업TR,23420,1.25,7.9,40.28,2.25,1.57,182.6,유입,지속상승,지속상승,4,2,2,2,6,S6,천하무적: 시장의 주도주
'290130',RISE ESG사회책임투자,31020,1.59,7.82,39.48,2.17,0.77,216.6,폭발,지속상승,상승>하락,4,1,3,2,6,S6,천하무적: 시장의 주도주
'469790',KIWOOM K-테크TOP10,25995,1.78,10.73,42.59,5.08,3.88,68.8,유지,지속상승,지속상승,4,3,0,2,5,S5,안정적 추세 유지 중
'315930',KODEX Top5PlusTR,56245,0.15,6.26,40.95,0.61,2.24,108.6,유지,지속상승,지속상승,4,2,1,2,5,S5,안정적 추세 유지 중
'385720',TIME 코스피액티브,19750,0.51,7.86,40.02,2.21,1.31,109.5,유지,지속상승,상승>하락,4,2,1,2,5,S5,안정적 추세 유지 중
'449450',PLUS K방산,68505,-1.11,2.25,39.99,-3.41,1.28,191.2,유입,상승>하락,상승>하락,3,2,2,1,5,B5,박스권 에너지 응축 중
'495330',1Q 코리아밸류업,22960,2.27,8.2,39.32,2.55,0.61,141.7,유입,지속상승,지속상승,4,1,2,2,5,S5,안정적 추세 유지 중
'495750',HANARO 코리아밸류업,22930,1.21,7.73,39.22,2.07,0.51,191.4,유입,지속상승,상승>하락,4,1,2,2,5,S5,안정적 추세 유지 중
'495050',RISE 코리아밸류업,23055,1.32,8.34,39.18,2.69,0.47,156.6,유입,지속상승,지속상승,4,1,2,2,5,S5,안정적 추세 유지 중
'275300',KODEX 우량주,20735,1.54,8.85,38.79,3.19,0.08,166.3,유입,지속상승,지속상승,4,1,2,2,5,S5,안정적 추세 유지 중
'289250',TIGER MSCI KOREA ESG유니버설,23260,2.2,8.51,38.7,2.86,-0.01,779.7,폭발,지속상승,상승>하락,4,0,3,2,5,A5,추세 전환 시도 중
'496090',KIWOOM 코리아밸류업,22940,1.28,8.0,38.61,2.35,-0.1,289.5,폭발,지속상승,지속상승,4,0,3,2,5,A5,추세 전환 시도 중
'289040',KODEX MSCI KOREA ESG유니버설,23125,1.34,8.36,38.51,2.71,-0.2,237.9,폭발,지속상승,상승>하락,4,0,3,2,5,A5,추세 전환 시도 중
'495850',KODEX 코리아밸류업,22940,1.24,7.8,38.28,2.15,-0.44,217.9,폭발,지속상승,지속상승,4,0,3,2,5,A5,추세 전환 시도 중
'495230',KoAct 코리아밸류업액티브,23330,1.08,7.78,38.05,2.13,-0.66,226.6,폭발,지속상승,지속상승,4,0,3,2,5,A5,추세 전환 시도 중
'332940',HANARO MSCI Korea TR,33700,0.37,6.16,37.44,0.5,-1.27,396.4,폭발,지속상승,상승>하락,4,0,3,2,5,A5,추세 전환 시도 중
'325010',KODEX 성장주,31575,0.94,9.41,37.01,3.75,-1.7,204.9,폭발,지속상승,지속상승,5,0,3,2,5,A5,추세 전환 시도 중
'278540',KODEX MSCI Korea TR,26915,0.39,6.81,36.97,1.15,-1.74,257.2,폭발,지속상승,지속상승,4,0,3,2,5,A5,추세 전환 시도 중
'156080',KODEX MSCI Korea,36370,0.36,6.52,36.86,0.86,-1.85,494.5,폭발,지속상승,지속상승,4,0,3,2,5,A5,추세 전환 시도 중
'471990',KODEX AI반도체핵심장비,20750,4.11,18.71,35.58,13.05,-3.14,340.0,폭발,지속상승,상승>하락,5,0,3,2,5,A5,추세 전환 시도 중
'491220',PLUS 200TR,91765,1.06,6.51,35.16,0.85,-3.55,298.1,폭발,지속상승,지속상승,4,0,3,2,5,A5,추세 전환 시도 중
'448100',WON 200,79510,0.15,5.66,34.82,0.01,-3.89,262.9,폭발,지속상승,지속상승,4,0,3,2,5,A5,추세 전환 시도 중
'069660',KIWOOM 200,77270,0.49,5.85,34.48,0.2,-4.24,275.4,폭발,지속상승,지속상승,4,0,3,2,5,A5,추세 전환 시도 중
'293180',HANARO 200,77510,0.36,5.81,34.4,0.15,-4.31,324.3,폭발,지속상승,지속상승,4,0,3,2,5,A5,추세 전환 시도 중
'105190',ACE 200,77645,0.3,5.7,34.39,0.05,-4.32,378.9,폭발,지속상승,지속상승,4,0,3,2,5,A5,추세 전환 시도 중
'434960',DAISHIN343 K200,78020,0.44,5.8,34.32,0.15,-4.39,218.6,폭발,지속상승,지속상승,4,0,3,2,5,A5,추세 전환 시도 중
'376410',TIGER 탄소효율그린뉴딜,18290,0.55,6.65,34.14,0.99,-4.57,202.9,폭발,지속상승,지속상승,5,0,3,2,5,A5,추세 전환 시도 중
'0007N0',아이엠에셋 200,78265,0.28,6.05,34.12,0.4,-4.59,569.2,폭발,지속상승,지속상승,4,0,3,2,5,A5,추세 전환 시도 중
'301400',PLUS 코스닥150,20685,-2.24,23.97,34.1,18.32,-4.61,563.4,폭발,지속상승,상승>하락,4,0,3,2,5,A5,추세 전환 시도 중
'375770',KODEX 탄소효율그린뉴딜,18520,0.24,6.77,34.01,1.12,-4.7,241.0,폭발,지속상승,지속상승,4,0,3,2,5,A5,추세 전환 시도 중
'304770',HANARO 코스닥150,20430,-2.55,23.52,33.88,17.86,-4.83,467.5,폭발,지속상승,상승>하락,4,0,3,2,5,A5,추세 전환 시도 중
'232080',TIGER 코스닥150,20900,-2.13,23.78,33.85,18.12,-4.87,529.1,폭발,지속상승,상승>하락,4,0,3,2,5,A5,추세 전환 시도 중
'450910',SOL 코스닥150,20000,-2.87,23.57,33.78,17.92,-4.93,518.5,폭발,지속상승,상승>하락,4,0,3,2,5,A5,추세 전환 시도 중
'229200',KODEX 코스닥150,20500,-1.98,23.72,33.77,18.06,-4.94,416.8,폭발,지속상승,상승>하락,4,0,3,2,5,A5,추세 전환 시도 중
'316670',KIWOOM 코스닥150,10230,-1.92,23.55,33.73,17.9,-4.99,489.6,폭발,지속상승,상승>하락,4,0,3,2,5,A5,추세 전환 시도 중
'354500',ACE 코스닥150,20625,-2.57,23.65,33.71,18.0,-5.0,498.3,폭발,지속상승,상승>하락,4,0,3,2,5,A5,추세 전환 시도 중
'270810',RISE 코스닥150,20325,-2.12,23.52,33.72,17.86,-5.0,592.0,폭발,지속상승,상승>하락,4,0,3,2,5,A5,추세 전환 시도 중
'451060',1Q 200액티브,25000,0.52,5.33,33.69,-0.32,-5.02,237.4,폭발,지속상승,지속상승,4,0,3,2,5,F5,시장 소외주: 관망 권고
'413930',WON AI ESG액티브,20515,0.54,5.91,33.04,0.26,-5.67,231.4,폭발,지속상승,지속상승,4,0,3,2,5,A5,추세 전환 시도 중
'277640',TIGER 코스피대형주,27790,0.22,5.4,32.93,-0.25,-5.78,217.8,폭발,지속상승,지속상승,4,0,3,2,5,F5,시장 소외주: 관망 권고
'337140',KODEX 코스피대형주,26900,0.32,5.59,32.91,-0.06,-5.81,228.8,폭발,지속상승,지속상승,4,0,3,2,5,F5,시장 소외주: 관망 권고
'461450',KODEX 코스닥글로벌,19560,-0.08,26.23,32.34,20.58,-6.37,680.6,폭발,지속상승,상승>하락,4,0,3,2,5,A5,추세 전환 시도 중
'461580',TIGER 코스닥글로벌,19800,-0.98,25.48,32.13,19.82,-6.58,288.3,폭발,지속상승,상승>하락,4,0,3,2,5,A5,추세 전환 시도 중
'482030',KoAct 반도체&2차전지핵심소재액티브,12300,-0.73,15.49,32.05,9.84,-6.67,273.3,폭발,지속상승,상승>하락,4,0,3,2,5,A5,추세 전환 시도 중
'0005G0',ITF K-AI반도체코어테크,25620,2.07,9.46,30.75,3.81,-7.96,375.3,폭발,지속상승,상승>하락,4,0,3,2,5,A5,추세 전환 시도 중
'441800',TIME Korea플러스배당액티브,24940,1.82,8.96,30.68,3.3,-8.03,217.2,폭발,지속상승,상승>하락,4,0,3,2,5,A5,추세 전환 시도 중
'423170',SOL 한국형글로벌반도체액티브,38850,0.47,4.45,29.44,-1.2,-9.28,207.1,폭발,지속상승,상승>하락,4,0,3,2,5,F5,시장 소외주: 관망 권고
'226490',KODEX 코스피,53830,0.13,4.85,29.09,-0.8,-9.62,211.8,폭발,지속상승,지속상승,4,0,3,2,5,F5,시장 소외주: 관망 권고
'289260',TIGER MSCI KOREA ESG리더스,19705,0.43,6.46,27.01,0.8,-11.71,391.5,폭발,지속상승,상승>하락,4,0,3,2,5,A5,추세 전환 시도 중
'139320',TIGER 금은선물(H),23335,-7.64,5.37,23.14,-0.28,-15.57,459.5,폭발,지속상승,상승>하락,4,0,3,2,5,F5,시장 소외주: 관망 권고
'0072R0',TIGER KRX금현물,17000,-6.05,8.21,22.61,2.56,-16.1,360.2,폭발,지속상승,상승>하락,4,0,3,2,5,A5,추세 전환 시도 중
'411060',ACE KRX금현물,35440,-6.47,7.8,22.06,2.15,-16.65,353.0,폭발,지속상승,상승>하락,4,0,3,2,5,A5,추세 전환 시도 중
'261070',TIGER 코스닥150바이오테크,21050,-6.3,14.0,21.01,8.35,-17.7,329.6,폭발,지속상승,상승>하락,4,0,3,2,5,A5,추세 전환 시도 중
'445910',TIGER MKF배당귀족,20080,0.93,6.16,17.81,0.51,-20.91,721.7,폭발,지속상승,상승>하락,4,0,3,2,5,A5,추세 전환 시도 중
'380340',ACE 코리아AI테크핵심산업,17790,-0.36,4.37,17.66,-1.28,-21.05,202.0,폭발,지속상승,상승>하락,4,0,3,2,5,F5,시장 소외주: 관망 권고
'140570',RISE 수출주,21355,-1.18,1.47,16.47,-4.18,-22.24,428.0,폭발,지속상승,상승>하락,4,0,3,2,5,F5,시장 소외주: 관망 권고
'0066W0',SOL 국제금,15770,-6.47,2.54,15.96,-3.12,-22.76,379.6,폭발,지속상승,상승>하락,4,0,3,2,5,F5,시장 소외주: 관망 권고
'0064K0',KODEX 금액티브,15610,-6.61,2.53,15.89,-3.13,-22.83,437.0,폭발,지속상승,상승>하락,4,0,3,2,5,F5,시장 소외주: 관망 권고
'0088N0',WON K-글로벌수급상위,12760,2.9,6.69,14.65,1.04,-24.07,277.4,폭발,지속상승,상승>하락,4,0,3,2,5,A5,추세 전환 시도 중
'0001P0',마이티 바이오시밀러&CDMO액티브,13610,-2.23,8.49,14.08,2.84,-24.63,386.3,폭발,지속상승,상승>하락,4,0,3,2,5,A5,추세 전환 시도 중
'0022T0',SOL 국제금커버드콜액티브,16335,-6.87,1.46,13.79,-4.19,-24.92,340.4,폭발,지속상승,상승>하락,4,0,3,2,5,F5,시장 소외주: 관망 권고
'183700',RISE 채권혼합,82325,0.34,3.0,13.71,-2.65,-25.0,320.4,폭발,지속상승,지속상승,4,0,3,2,5,F5,시장 소외주: 관망 권고
'130680',TIGER 원유선물Enhanced(H),4250,0.24,6.92,13.64,1.26,-25.08,209.3,폭발,지속상승,상승>하락,4,0,3,2,5,A5,추세 전환 시도 중
'448330',KODEX 삼성전자채권혼합,14595,0.07,2.03,13.14,-3.63,-25.57,204.4,폭발,지속상승,상승>하락,4,0,3,2,5,F5,시장 소외주: 관망 권고
'448630',RISE 삼성그룹Top3채권혼합,13190,0.15,1.7,12.64,-3.96,-26.07,218.0,폭발,지속상승,상승>하락,4,0,3,2,5,F5,시장 소외주: 관망 권고
'241390',RISE V&S셀렉트밸류채권혼합,15150,0.07,3.17,10.79,-2.49,-27.93,224.3,폭발,지속상승,상승>하락,5,0,3,2,5,F5,시장 소외주: 관망 권고
'150460',TIGER 중국소비테마,8115,0.25,4.78,8.78,-0.88,-29.93,259.3,폭발,지속상승,상승>하락,5,0,3,2,5,F5,시장 소외주: 관망 권고
'226380',ACE Fn성장소비주도주,7080,-1.53,5.04,8.34,-0.61,-30.37,232.0,폭발,지속상승,상승>하락,4,0,3,2,5,F5,시장 소외주: 관망 권고
'498050',HANARO 바이오코리아액티브,17065,-5.27,7.39,8.14,1.74,-30.57,206.5,폭발,지속상승,상승>하락,4,0,3,2,5,A5,추세 전환 시도 중
'0036Z0',RISE 미국천연가스밸류체인,11485,1.95,1.86,7.69,-3.79,-31.02,463.5,폭발,지속상승,상승>하락,4,0,3,2,5,F5,시장 소외주: 관망 권고
'0138Y0',PLUS 금채권혼합,10870,-3.38,1.59,7.62,-4.07,-31.09,351.0,폭발,지속상승,상승>하락,4,0,3,2,5,F5,시장 소외주: 관망 권고
'388280',RISE K엔터&여행레저,8300,0.97,2.91,6.82,-2.74,-31.89,385.4,폭발,지속상승,상승>하락,4,0,3,2,5,F5,시장 소외주: 관망 권고
'241180',TIGER 일본니케이225,30140,0.15,0.23,5.61,-5.42,-33.11,200.7,폭발,지속상승,상승>하락,4,0,3,2,5,F5,시장 소외주: 관망 권고
'244670',KODEX 밸류Plus,11470,1.41,4.18,5.57,-1.48,-33.14,224.9,폭발,지속상승,상승>하락,4,0,3,2,5,F5,시장 소외주: 관망 권고
'266550',PLUS 중형주저변동50,16420,0.06,2.15,3.99,-3.51,-34.72,634.8,폭발,지속상승,상승>하락,4,0,3,2,5,F5,시장 소외주: 관망 권고
'310080',RISE 중국MSCI China(H),10965,-2.27,0.78,1.95,-4.87,-36.76,206.9,폭발,지속상승,상승>하락,4,0,3,2,5,F5,시장 소외주: 관망 권고
'251590',PLUS 고배당저변동50,16760,0.24,2.54,1.42,-3.11,-37.29,476.1,폭발,지속상승,상승>하락,4,0,3,2,5,F5,시장 소외주: 관망 권고
'0131W0',1Q 단기특수은행채액티브,100525,0.0,0.03,0.33,-5.62,-38.38,692.7,폭발,지속상승,지속상승,4,0,3,2,5,F5,시장 소외주: 관망 권고
'0000J0',PLUS 한화그룹주,33045,-0.66,1.58,40.8,-4.07,2.08,107.1,유지,상승>하락,상승>하락,2,2,1,1,4,B4,박스권 에너지 응축 중
'446690',KODEX 아시아AI반도체exChina액티브,38370,2.05,10.15,39.68,4.49,0.97,105.6,유지,지속상승,상승>하락,4,1,1,2,4,S4,안정적 추세 유지 중
'496120',ACE 코리아밸류업,23285,1.35,8.18,39.01,2.52,0.3,95.9,유지,지속상승,지속상승,4,1,1,2,4,S4,안정적 추세 유지 중
'496080',TIGER 코리아밸류업,23015,1.93,8.36,38.6,2.7,-0.11,135.5,유입,지속상승,지속상승,4,0,2,2,4,A4,추세 전환 시도 중
'122090',PLUS 코스피50,56205,1.23,6.75,37.81,1.1,-0.9,313.8,폭발,상승>하락,상승>하락,3,0,3,1,4,A4,추세 전환 시도 중
'140950',파워 코스피100,60015,0.38,6.16,36.8,0.5,-1.91,195.4,유입,지속상승,지속상승,4,0,2,2,4,A4,추세 전환 시도 중
'225130',ACE 골드선물 레버리지(합성 H),76135,-14.45,8.13,36.65,2.48,-2.06,477.6,폭발,상승>하락,상승>하락,3,0,3,1,4,A4,추세 전환 시도 중
'237350',KODEX 코스피100,61215,0.44,6.17,36.35,0.52,-2.36,178.6,유입,지속상승,지속상승,4,0,2,2,4,A4,추세 전환 시도 중
'337160',KODEX 200ESG,31550,0.86,6.34,36.14,0.68,-2.57,120.7,유입,지속상승,지속상승,4,0,2,2,4,A4,추세 전환 시도 중
'159800',마이티 코스피100,60830,0.46,6.27,35.95,0.62,-2.76,130.0,유입,지속상승,지속상승,4,0,2,2,4,A4,추세 전환 시도 중
'0005D0',SOL 전고체배터리&실리콘음극재,18285,-0.46,9.66,35.8,4.0,-2.92,235.6,폭발,상승>하락,상승>하락,3,0,3,1,4,A4,추세 전환 시도 중
'152870',파워 200,78575,0.85,6.48,35.6,0.82,-3.11,133.6,유입,지속상승,지속상승,4,0,2,2,4,A4,추세 전환 시도 중
'294400',KIWOOM 200TR,100930,0.53,6.15,34.74,0.49,-3.98,181.5,유입,지속상승,지속상승,4,0,2,2,4,A4,추세 전환 시도 중
'332500',ACE 200TR,51770,0.35,5.99,34.71,0.33,-4.0,188.1,유입,지속상승,지속상승,4,0,2,2,4,A4,추세 전환 시도 중
'278530',KODEX 200TR,27795,0.29,5.93,34.7,0.27,-4.01,151.5,유입,지속상승,지속상승,4,0,2,2,4,A4,추세 전환 시도 중
'494890',KODEX 200액티브,22350,0.61,5.95,34.44,0.3,-4.28,153.9,유입,지속상승,지속상승,4,0,2,2,4,A4,추세 전환 시도 중
'292160',TIGER KRX300,35755,0.36,7.15,34.34,1.49,-4.37,154.2,유입,지속상승,지속상승,5,0,2,2,4,A4,추세 전환 시도 중
'375760',HANARO 탄소효율그린뉴딜,18170,-0.06,6.51,34.29,0.85,-4.42,147.8,유입,지속상승,상승>하락,4,0,2,2,4,A4,추세 전환 시도 중
'152100',PLUS 200,78500,0.27,5.72,34.19,0.07,-4.52,168.1,유입,지속상승,지속상승,4,0,2,2,4,A4,추세 전환 시도 중
'275290',KODEX 가치주,22830,1.4,7.87,33.7,2.21,-5.01,157.0,유입,지속상승,지속상승,4,0,2,2,4,A4,추세 전환 시도 중
'387280',TIGER 퓨처모빌리티액티브,12215,0.16,8.77,32.41,3.12,-6.3,182.2,유입,지속상승,상승>하락,5,0,2,2,4,A4,추세 전환 시도 중
'0094M0',RISE 코리아밸류업위클리고정커버드콜,15865,1.24,7.05,31.55,1.4,-7.16,144.7,유입,지속상승,지속상승,4,0,2,2,4,A4,추세 전환 시도 중
'471780',TIGER 코리아테크액티브,22205,1.9,14.49,31.43,8.83,-7.28,188.8,유입,지속상승,상승>하락,5,0,2,2,4,A4,추세 전환 시도 중
'385520',KODEX 자율주행액티브,14755,-1.93,5.69,30.58,0.04,-8.14,165.8,유입,지속상승,상승>하락,4,0,2,2,4,A4,추세 전환 시도 중
'388420',RISE 비메모리반도체액티브,20000,3.84,19.08,29.32,13.43,-9.39,142.0,유입,지속상승,상승>하락,5,0,2,2,4,A4,추세 전환 시도 중
'494330',ACE 라이프자산주주가치액티브,19405,0.0,7.87,26.46,2.21,-12.25,140.6,유입,지속상승,상승>하락,4,0,2,2,4,A4,추세 전환 시도 중
'0053M0',더제이 중소형포커스액티브,13165,0.15,8.18,26.4,2.52,-12.31,131.5,유입,지속상승,상승>하락,5,0,2,2,4,A4,추세 전환 시도 중
'462330',KODEX 2차전지산업레버리지,1985,-8.1,13.11,24.22,7.45,-14.49,129.8,유입,지속상승,상승>하락,4,0,2,2,4,A4,추세 전환 시도 중
'0115E0',KODEX 코리아소버린AI,12875,-0.46,6.4,24.22,0.75,-14.5,129.6,유입,지속상승,상승>하락,4,0,2,2,4,A4,추세 전환 시도 중
'422420',RISE 2차전지액티브,8910,-1.93,13.36,24.01,7.7,-14.7,146.5,유입,지속상승,상승>하락,4,0,2,2,4,A4,추세 전환 시도 중
'491820',HANARO 전력설비투자,34380,1.18,6.82,20.29,1.17,-18.42,131.8,유입,지속상승,상승>하락,4,0,2,2,4,A4,추세 전환 시도 중
'279540',KODEX 최소변동성,18305,2.49,7.87,20.19,2.21,-18.52,169.4,유입,지속상승,상승>하락,5,0,2,2,4,A4,추세 전환 시도 중
'462010',TIGER 2차전지소재Fn,7100,-5.71,16.49,20.03,10.84,-18.68,188.0,유입,지속상승,상승>하락,4,0,2,2,4,A4,추세 전환 시도 중
'487240',KODEX AI전력핵심설비,28400,0.92,6.41,19.78,0.75,-18.93,176.5,유입,지속상승,상승>하락,4,0,2,2,4,A4,추세 전환 시도 중
'446700',RISE 배터리 리사이클링,13640,-2.81,10.18,19.7,4.52,-19.01,164.9,유입,지속상승,상승>하락,4,0,2,2,4,A4,추세 전환 시도 중
'455860',SOL 2차전지소부장Fn,6350,-5.51,11.01,17.38,5.36,-21.34,222.4,폭발,상승>하락,상승>하락,3,0,3,1,4,A4,추세 전환 시도 중
'401470',KODEX 메타버스액티브,9105,0.05,6.55,17.03,0.9,-21.68,191.8,유입,지속상승,상승>하락,5,0,2,2,4,A4,추세 전환 시도 중
'300610',TIGER K게임,7435,-0.93,12.06,16.54,6.4,-22.18,145.4,유입,지속상승,상승>하락,4,0,2,2,4,A4,추세 전환 시도 중
'104530',KIWOOM 고배당,18230,1.08,7.08,15.86,1.42,-22.86,127.1,유입,지속상승,상승>하락,4,0,2,2,4,A4,추세 전환 시도 중
'300640',RISE 게임테마,8705,-1.08,11.46,15.3,5.81,-23.41,136.7,유입,지속상승,상승>하락,4,0,2,2,4,A4,추세 전환 시도 중
'261220',KODEX WTI원유선물(H),14965,0.27,7.35,15.07,1.7,-23.64,170.0,유입,지속상승,상승>하락,4,0,2,2,4,A4,추세 전환 시도 중
'395280',HANARO Fn K-게임,4260,-1.39,8.54,13.9,2.88,-24.81,161.4,유입,지속상승,상승>하락,4,0,2,2,4,A4,추세 전환 시도 중
'300950',KODEX 게임산업,6885,-1.85,8.51,13.52,2.86,-25.19,167.4,유입,지속상승,상승>하락,4,0,2,2,4,A4,추세 전환 시도 중
'305720',KODEX 2차전지산업,17370,-4.48,6.43,13.34,0.78,-25.37,204.8,폭발,상승>하락,상승>하락,3,0,3,1,4,A4,추세 전환 시도 중
'364990',TIGER 게임TOP10,5695,-0.96,7.15,13.33,1.5,-25.38,136.3,유입,지속상승,상승>하락,4,0,2,2,4,A4,추세 전환 시도 중
'0000Z0',RISE 바이오TOP10액티브,16550,-4.17,10.19,11.82,4.53,-26.89,191.5,유입,지속상승,상승>하락,4,0,2,2,4,A4,추세 전환 시도 중
'244580',KODEX 바이오,13435,-2.68,7.83,9.18,2.17,-29.53,121.4,유입,지속상승,상승>하락,4,0,2,2,4,A4,추세 전환 시도 중
'462900',KoAct 바이오헬스케어액티브,24015,-5.36,6.71,7.28,1.06,-31.43,122.7,유입,지속상승,상승>하락,4,0,2,2,4,A4,추세 전환 시도 중
'460280',KIWOOM Fn유전자혁신기술,13105,-1.54,6.72,4.21,1.06,-34.5,128.9,유입,지속상승,상승>하락,4,0,2,2,4,A4,추세 전환 시도 중
'450190',KODEX 한중반도체(합성),36025,4.15,10.13,40.34,4.48,1.63,48.9,유지,상승>하락,상승>하락,3,2,0,1,3,S3,안정적 추세 유지 중
'495040',PLUS 코리아밸류업,22860,1.51,8.14,39.31,2.48,0.59,50.5,유지,지속상승,지속상승,4,1,0,2,3,S3,안정적 추세 유지 중
'0138D0',RISE 동학개미,13360,-0.56,5.78,36.89,0.13,-1.83,111.7,유지,지속상승,상승>하락,4,0,1,2,3,A3,추세 전환 시도 중
'310970',TIGER MSCI Korea TR,33780,0.1,6.24,36.35,0.59,-2.37,89.6,유지,지속상승,지속상승,4,0,1,2,3,A3,추세 전환 시도 중
'153270',KIWOOM 코스피100,58855,0.2,5.91,36.1,0.26,-2.62,111.3,유지,지속상승,지속상승,4,0,1,2,3,A3,추세 전환 시도 중
'275280',KODEX 모멘텀주,30825,0.92,6.92,35.79,1.27,-2.92,105.1,유지,지속상승,상승>하락,4,0,1,2,3,A3,추세 전환 시도 중
'361580',RISE 200TR,43735,0.45,6.08,34.8,0.42,-3.91,86.2,유지,지속상승,지속상승,4,0,1,2,3,A3,추세 전환 시도 중
'332930',HANARO 200TR,100975,0.5,6.09,34.74,0.44,-3.97,104.5,유지,지속상승,지속상승,4,0,1,2,3,A3,추세 전환 시도 중
'310960',TIGER 200TR,45040,0.46,5.98,34.61,0.32,-4.1,108.1,유지,지속상승,지속상승,4,0,1,2,3,A3,추세 전환 시도 중
'069500',KODEX 200,77305,0.35,5.86,34.47,0.21,-4.25,119.0,유지,지속상승,지속상승,4,0,1,2,3,A3,추세 전환 시도 중
'292050',RISE KRX300,36595,0.37,7.11,34.32,1.46,-4.39,85.5,유지,지속상승,지속상승,5,0,1,2,3,A3,추세 전환 시도 중
'108590',TREX 200,77235,0.44,5.79,34.25,0.13,-4.46,88.5,유지,지속상승,지속상승,4,0,1,2,3,A3,추세 전환 시도 중
'292190',KODEX KRX300,35690,0.22,6.52,33.97,0.87,-4.74,108.7,유지,지속상승,지속상승,4,0,1,2,3,A3,추세 전환 시도 중
'385710',TIME K이노베이션액티브,12870,-2.13,9.39,32.07,3.74,-6.64,158.4,유입,상승>하락,상승>하락,3,0,2,1,3,A3,추세 전환 시도 중
'367760',RISE 네트워크인프라,28275,2.56,10.26,31.02,4.6,-7.69,88.1,유지,지속상승,상승>하락,5,0,1,2,3,A3,추세 전환 시도 중
'244620',KODEX 모멘텀Plus,18960,1.47,13.16,28.46,7.51,-10.26,99.6,유지,지속상승,상승>하락,5,0,1,2,3,A3,추세 전환 시도 중
'0117V0',TIGER 코리아AI전력기기TOP3플러스,15200,1.0,7.12,20.02,1.46,-18.7,105.5,유지,지속상승,상승>하락,4,0,1,2,3,A3,추세 전환 시도 중
'465330',RISE 2차전지TOP10,13025,-3.59,11.32,19.83,5.67,-18.89,182.9,유입,상승>하락,상승>하락,3,0,2,1,3,A3,추세 전환 시도 중
'498860',RISE 코리아금융고배당,17635,-0.11,8.22,19.64,2.57,-19.07,138.2,유입,상승>하락,상승>하락,2,0,2,1,3,A3,추세 전환 시도 중
'307510',TIGER 의료기기,21495,-2.21,8.56,16.92,2.91,-21.8,155.0,유입,상승>하락,상승>하락,3,0,2,1,3,A3,추세 전환 시도 중
'461950',KODEX 2차전지핵심소재10,6800,-5.49,12.4,16.64,6.74,-22.07,163.1,유입,상승>하락,상승>하락,3,0,2,1,3,A3,추세 전환 시도 중
'466810',BNK 2차전지양극재,7215,-4.88,8.17,12.21,2.52,-26.5,152.3,유입,상승>하락,상승>하락,2,0,2,1,3,A3,추세 전환 시도 중
'266420',KODEX 헬스케어,23960,-4.01,6.23,11.86,0.58,-26.85,90.6,유지,지속상승,상승>하락,4,0,1,2,3,A3,추세 전환 시도 중
'100910',KIWOOM KRX100,12200,0.25,6.09,36.62,0.43,-2.09,68.2,유지,지속상승,지속상승,4,0,0,2,2,A2,추세 전환 시도 중
'491700',HK 200,78225,0.79,6.39,36.34,0.74,-2.37,11.1,유지,지속상승,지속상승,4,0,0,2,2,A2,추세 전환 시도 중
'0098Z0',FOCUS 200,66695,1.21,6.93,35.64,1.27,-3.07,70.3,유지,지속상승,지속상승,4,0,0,2,2,A2,추세 전환 시도 중
'292500',SOL KRX300,36230,0.81,6.94,35.44,1.28,-3.27,11.0,유지,지속상승,지속상승,4,0,0,2,2,A2,추세 전환 시도 중
'326240',RISE IT플러스,31865,0.57,11.01,34.74,5.35,-3.98,76.2,유지,지속상승,상승>하락,5,0,0,2,2,A2,추세 전환 시도 중
'457930',BNK 미래전략기술액티브,26175,-1.1,5.91,34.71,0.25,-4.0,10.8,유지,지속상승,상승>하락,4,0,0,2,2,A2,추세 전환 시도 중
'295040',SOL 200TR,28825,0.38,5.94,34.7,0.28,-4.02,76.4,유지,지속상승,지속상승,4,0,0,2,2,A2,추세 전환 시도 중
'304760',HANARO KRX300,35015,0.11,6.56,34.65,0.9,-4.06,42.3,유지,지속상승,상승>하락,4,0,0,2,2,A2,추세 전환 시도 중
'0112X0',마이티 200TR,28890,0.57,5.69,34.53,0.03,-4.18,53.3,유지,지속상승,지속상승,4,0,0,2,2,A2,추세 전환 시도 중
'442260',마이티 다이나믹퀀트액티브,26930,1.62,6.34,34.28,0.68,-4.43,28.3,유지,지속상승,지속상승,4,0,0,2,2,A2,추세 전환 시도 중
'0104N0',TIGER 200타겟위클리커버드콜,15590,0.45,5.77,32.29,0.11,-6.43,71.8,유지,지속상승,지속상승,4,0,0,2,2,A2,추세 전환 시도 중
'446770',ACE 글로벌반도체TOP4 Plus,57200,1.48,5.81,27.96,0.15,-10.75,92.2,유지,상승>하락,상승>하락,3,0,1,1,2,A2,추세 전환 시도 중
'395760',PLUS ESG성장주액티브,16740,0.09,6.29,27.79,0.63,-10.93,12.5,유지,지속상승,지속상승,5,0,0,2,2,A2,추세 전환 시도 중
'367740',HANARO Fn5G산업,26270,1.88,11.15,27.46,5.49,-11.25,71.0,유지,지속상승,상승>하락,5,0,0,2,2,A2,추세 전환 시도 중
'496130',TRUSTON 코리아밸류업액티브,20065,1.49,6.28,25.48,0.62,-13.23,79.3,유지,지속상승,지속상승,4,0,0,2,2,A2,추세 전환 시도 중
'470310',UNICORN 생성형AI강소기업액티브,13720,0.11,10.16,23.44,4.5,-15.28,70.7,유지,지속상승,상승>하락,5,0,0,2,2,A2,추세 전환 시도 중
'442090',에셋플러스 코리아대장장이액티브,23480,1.27,6.2,21.06,0.54,-17.65,73.4,유지,지속상승,상승>하락,5,0,0,2,2,A2,추세 전환 시도 중
'270800',RISE KQ고배당,15955,0.85,13.84,20.69,8.19,-18.02,60.2,유지,지속상승,상승>하락,5,0,0,2,2,A2,추세 전환 시도 중
'438740',마이다스 중소형액티브,35930,1.24,8.71,17.13,3.06,-21.58,14.1,유지,지속상승,상승>하락,5,0,0,2,2,A2,추세 전환 시도 중
'464610',SOL 의료기기소부장Fn,12060,1.26,13.19,14.53,7.53,-24.18,78.3,유지,지속상승,상승>하락,4,0,0,2,2,A2,추세 전환 시도 중
'427120',RISE AI플랫폼,7990,-1.54,5.76,12.06,0.1,-26.65,7.2,유지,지속상승,상승>하락,4,0,0,2,2,A2,추세 전환 시도 중
'360150',KODEX 코스닥150롱코스피200숏선물,7000,-2.51,16.67,-0.57,11.01,-39.28,85.2,유지,상승>하락,하락>상승,3,0,1,1,2,A2,추세 전환 시도 중
'0090B0',PLUS K방산소부장,11065,-0.41,6.04,18.72,0.38,-19.99,71.3,유지,상승>하락,상승>하락,3,0,0,1,1,A1,단기 반짝 가능성 체크
'410870',TIME K컬처액티브,12970,-0.31,6.31,14.27,0.66,-24.44,58.1,유지,상승>하락,상승>하락,3,0,0,1,1,A1,단기 반짝 가능성 체크
